The Filters,1983-01-01,https://www.youtube.com/watch?v=EiB2KQ-Lq50,"Kingston, Ontario",,Let's Spend The Night Together  (Rolling Stones cover) / Knockin' On Heaven's Door  (Bob Dylan cover) / Shake...
The Tragically Hip,1985-11-09,https://www.youtube.com/watch?v=dfRV9k_Ibpg,"Kingston, Ontario",,"Mary, Mary  (Monkees cover) / Baby, Please Don't Go  (Them cover) / Susie Q  (Dale Hawkins..."
The Tragically Hip - (SBD),1985-11-09,https://www.youtube.com/watch?v=lVWDixvoCjM,Kingston,SBD,Here `Tis  (Lou Donaldson cover) / Wish You Would  (Billy Boy Arnold cover) / Evelyn.......................................................................click SHOW...
The Tragically Hip - (SBD),1985-11-09,https://www.youtube.com/watch?v=lVWDixvoCjM,Kingston,SBD,Here `Tis  (Lou Donaldson cover) / Wish You Would  (Billy Boy Arnold cover) / Evelyn.......................................................................click SHOW...
The Tragically Hip - (FM Radio Simulcast),1987-07-02,https://www.youtube.com/watch?v=y-aJeGxrbIs,,,Reformed Baptist Blues / Small Town Bringdown / Last American Exit / Evelyn / I'm A Werewolf Baby
The Tragically Hip,1987-07-02,https://www.youtube.com/watch?v=ywf6iR9qMOM,"Toronto, Ontario",,"Intro/Reformed Baptist Blues / Small Town Bringdown / Last American Exit / Evelyn / I'm A Werewolf, Baby ..."
The Tragically Hip,1988-03-02,https://www.youtube.com/watch?v=CkggbIHyYsY,"Ottawa, Ontario",,Small Town Bringdown / She Didn't Know / Highway Girl / All Canadian Surf Club / Suzy Q / Baby...
The Tragically Hip,1988-03-03,https://www.youtube.com/watch?v=cLajii3V6rI,"London, Ontario",,She Didn't Know / Highway Girl / All Canadian Surf Club / Susie-Q / Baby Please Don't Go / Reformed...
The Tragically Hip,1988-07-15,https://www.youtube.com/watch?v=-rRWCcZx4_8,"Toronto, Ontario",,She Didn't Know  (w/ (Bobby Darrin) Just Friends tag) / Highway Girl / Reformed Baptist Blues / Susie Q  ...
The Tragically Hip - (FM Radio Simulcast),1989-11-02,https://www.youtube.com/watch?v=T7e8HxPx1E0,,,Intro & Blow At High Dough / Interview............................................................click...
The Tragically Hip - (SBD),1989-11-30,https://www.youtube.com/watch?v=nDYqbgFcQ5k,Toronto,SBD,She Didn't Know / Highway Girl  (w/ (The Cars) Moving In Stereo - Spine Transplant) / Small Town Bringdown / Opiated / Everytime You Go / Last American...
The Tragically Hip - CBC Video Hits Presents: 1990,1990,https://www.youtube.com/watch?v=ro038mqABuo,,,
The Tragically Hip - (FM Radio Simulcast),1990-02-23,https://www.youtube.com/watch?v=IWUL_JGP6Nk,,,Intro & She Didn't Know / Highway Girl / Small Town Bringdown / Opiated / It's Just As Well
The Tragically Hip - (FM Radio Simulcast),1990-06-22,https://www.youtube.com/watch?v=ZQe0JiK4wsY,,,I'll Believe In You (Or I'll Be Leaving You Tonight) / It's Just As Well / She Didn't Know
The Tragically Hip - (FM Radio Simulcast),1990-11-13,https://www.youtube.com/watch?v=MoknzVWstac,,,Intro & Trickle Down / Boots Or Hearts................................................click SHOW MORE...
The Tragically Hip - (Upgraded STU/SBD),1991,https://www.youtube.com/watch?v=Agj22GQL9mo,Amsterdam,SBD,"Pussy Cat  (Soundcheck) / (Early) At the Hundredth Meridian / Yeah, Yeah, Yeah  (Soundcheck)"
The Tragically Hip - Hengelo Revisited 1991 (Complete Bootleg),1991,https://www.youtube.com/watch?v=zjzBE4CLYqw,,,Crack Your Spine Like a Whip / She Didn't Know / Twist My Arm / (Early) Looking for a Place to Happen / Bring It All Back / Boots or Hearts
The Tragically Hip - (SBD),1991-03-01,https://www.youtube.com/watch?v=iNy_m9Xxkhk,Vancouver,SBD,Little Bones / She Didn't Know / Twist My Arm / Highway Girl / The Luxury / Everytime You Go / Bring it all Back / I'll Believe in...
The Tragically Hip - (FM Radio Simulcast),1991-04-20,https://www.youtube.com/watch?v=s_KGo8H7SN4,,,Little Bones / She Didn't Know....................................................click SHOW...
The Tragically Hip,1991-12-31,https://www.youtube.com/watch?v=j2ZrR41UkqU,"Ottawa, Ontario",,Station Intro and Three Pistols / So Hard Done By......................................click SHOW MORE...
The Tragically Hip,1991-12-31,https://www.youtube.com/watch?v=j2ZrR41UkqU,"Ottawa, Ontario",,Station Intro and Three Pistols / So Hard Done By......................................click SHOW MORE...
The Tragically Hip - 4 from SBD,1992,https://www.youtube.com/watch?v=NuH3cMgL_gA,Den Haag,SBD,Bring It All Back / The Last Of The Unplucked Gems / At The Hundredth Meridian / New Orleans Is...
The Tragically Hip - 3 from SBD,1992,https://www.youtube.com/watch?v=TwLDQlcZt9M,Sydney,SBD,Twist My Arm / New Orleans Is Sinking  (w/ (Little River Band) Lady - (Joni Mitchell) Little Green tags) / Fully...
The Tragically Hip - (SBD),1992-07-01,https://www.youtube.com/watch?v=ePgv1GJ3VWk,Vancouver,SBD,Little Bones / Fully Completely / Twist My Arm............................................click SHOW MORE to expand  vvv / Courage (For Hugh MacLennan)
The Tragically Hip - (SBD),1992-12-09,https://www.youtube.com/watch?v=tbb9IvuEyHo,"Hamburg, Germany",SBD,Intro & partial Fully Completely / Little Bones / Fifty-Mission Cap............................................click SHOW MORE to expand   vvv / Twist My Arm...
The Tragically Hip - (SBD),1992-12-09,https://www.youtube.com/watch?v=tbb9IvuEyHo,"Hamburg, Germany",SBD,Intro & partial Fully Completely / Little Bones / Fifty-Mission Cap............................................click SHOW MORE to expand   vvv / Twist My Arm...
The Tragically Hip - (Complete Video),1993,https://www.youtube.com/watch?v=t_XnhAfbUwE,"Markham, Ontario",,Locked in the Trunk of a Car / Twist My Arm / Courage (for Hugh MacLennan) / Fifty-Mission Cap / Eldorado ...
The Tragically Hip - Heksenketel 1993 (Complete Video),1993,https://www.youtube.com/watch?v=oaaxLXdJrAY,,,
The Tragically Hip - (Pro-Shot Video),1993,https://www.youtube.com/watch?v=0JyVRHxH40s,Chicago,,Fifty-Mission Cap  (Incomplete) / Locked in the Trunk of a Car / Courage (for Hugh MacLennan) / Eldorado ...
The Tragically Hip,1993,https://www.youtube.com/watch?v=XcTal65B68U,Kingston,,Locked in the Trunk of a Car / Courage  (For Hugh MacLennin) / Fifty-Mission Cap / Eldorado  (w/ (Early)...
The Tragically Hip - Sherpa (1993 Studio Rehearsal),1993,https://www.youtube.com/watch?v=izfLTn8Vkz8,,,
The Tragically Hip - (FM Radio Simulcast),1993-01-14,https://www.youtube.com/watch?v=EsPot70GktU,,,Fully Completely / Looking For A Place To Happen / Courage  (For Hugh MacLennan) / Fifty-Mission Cap
The Tragically Hip - (FM Radio Simulcast),1993-02-06,https://www.youtube.com/watch?v=c63nI5_FVv8,,,Fully Completely / Courage (for Hugh MacLennan) / Pigeon Camera / We'll Go Too
The Tragically Hip,1993-02-09,https://www.youtube.com/watch?v=3oWZ7onlNJg,"Frankfurt, Germany",,Fully Completely / Twist My Arm......................................click SHOW MORE to expand vvv
The Tragically Hip - (SBD),1993-02-09,https://www.youtube.com/watch?v=3blc4ivDf3Q,"Frankfurt, Germany",SBD,Fully Completely / Twist My Arm / Fifty-Mission Cap......................................................click SHOW MORE to expand  vvv / Little Bones
The Tragically Hip - (SBD),1993-04-26,https://www.youtube.com/watch?v=nUrcmqlD5UI,Los Angeles,SBD,Intro & Lionized / Three Pistols  (w/ Shout It From The Housetops tag)...
The Tragically Hip - (FM Radio Simulcast),1993-04-26,https://www.youtube.com/watch?v=2i_i0C-7k9E,,,Courage (For Hugh MacLennan) / Fifty-Mission Cap......................................................click...
The Tragically Hip,1993-06-20,https://www.youtube.com/watch?v=gqp7k75-zME,"Halfweg, Holland",,Intro & At The Hundredth Meridian  (w/ (Early) Nautical Disaster tag) / Three Pistols  (w/ (Early) Thugs...
The Tragically Hip,1993-10-12,https://www.youtube.com/watch?v=9yIl18-ADeQ,Washington DC,,Locked In The Trunk Of A Car / Three Pistols / Fully Completely  (w/ (The Police) Wrapped Around Your Finger intro...
The Tragically Hip,1994-08-08,https://www.youtube.com/watch?v=DM4KPa1D_yI,"Harrisburg, Pennsylvania",,"Locked in the Trunk of a Car / Grace, Too.............................................click SHOW MORE to expand  vvv / ..."
The Tragically Hip,1994-10-07,https://www.youtube.com/watch?v=8DNBIQdvZrY,"Portland, Oregon",,"Grace, Too / Fully Completely / Locked in the Trunk of a Car / We'll Go Too / Daredevil"
The Tragically Hip - (SBD),1994-10-16,https://www.youtube.com/watch?v=Ge2a-gvl3HU,Albuquerque,SBD,"Grace, Too / Fully Completely / Nautical Disaster........................................................click SHOW MORE to expand  vvv / We'll Go Too"
The Tragically Hip - (SBD),1994-11-10,https://www.youtube.com/watch?v=-w6oidsszjc,Boston,SBD,"Grace, Too / Fully Completely / Courage (For Hugh MacLennan)............................................click SHOW MORE to expand  vvv / Greasy Jungle"
The Tragically Hip - (SBD),1994-12-07,https://www.youtube.com/watch?v=w1UnjTl2mCg,"Stockholm, Sweden",SBD,Fully Completely / Inevitability Of Death....................................click SHOW MORE to expand  vvv / Greasy...
The Tragically Hip,1995,https://www.youtube.com/watch?v=TzsIYg2YcX4,Philadelphia,,Locked in the Trunk of a Car / Inevitability Of Death  (w/ Pascal's Single Cause - (Early) Put It...
The Tragically Hip,1995,https://www.youtube.com/watch?v=pYe_4ko5Zhc,New York City,,Nautical Disaster  (w/ (Jane Siberry) Temple tag) / At The Hundredth Meridian  (w/ (Early) Butts Wigglin tag)
The Tragically Hip,1995-02-07,https://www.youtube.com/watch?v=obOiLUDLZkE,"Ottawa, Ontario",,"Grace, Too / Fully Completely....................................click SHOW MORE to expand  vvv / Inevitability of..."
The Tragically Hip,1995-03-28,https://www.youtube.com/watch?v=sjRZMgmDa3I,"Omaha, Nebraska",,Impossibilium / Locked in the Trunk of a Car  (w/ (Early) Don't Wake Daddy tag) / So Hard Done By / The Last of the...
The Tragically Hip - (SBD),1995-07-15,https://www.youtube.com/watch?v=0vUGydQeYuU,High River,SBD,"New Orleans Is Sinking  (w/ Past tag) / Grace, Too / Locked in the Trunk of a Car / At The Hundred Meridian..."
The Tragically Hip,1995-08-12,https://www.youtube.com/watch?v=Epc5KWhQGaE,"Dallas, Texas",,"Grace, Too / An Inch An Hour...................................................click SHOW MORE to expand  vvv / Locked In The..."
The Tragically Hip - (SBD),1995-10-28,https://www.youtube.com/watch?v=VeOV0iBfG8o,New York City,SBD,"Grace, Too (w/ Don't Wake Daddy tag) / Inevitability Of Death  (w/ Pascal's Single Cause) / Fully Completely................................................................cl..."
The Tragically Hip - Between Us Live 1996 SBD Compilation,1996,https://www.youtube.com/watch?v=MRFdDo0_zVA,,SBD,Gift Shop / Let's Stay Engaged / Twist My Arm  (w/ (Todd Rundgren) It...
The Tragically Hip - 4 from SBD,1996,https://www.youtube.com/watch?v=Wf1mbp0qOcg,Las Vegas,SBD,Titanic Terrarium  (w/ Empty outro tag) / Hiccups/Daredevil / At The Hundredth Meridian  (w/ Freaked/Fucked - Cookie Factory - Insomniacs Of The World Goodnight - (Hazel...
The Tragically Hip - 4 from SBD,1996,https://www.youtube.com/watch?v=Wf1mbp0qOcg,Las Vegas,SBD,Titanic Terrarium  (w/ Empty outro tag) / Hiccups/Daredevil / At The Hundredth Meridian  (w/ Freaked/Fucked - Cookie Factory - Insomniacs Of The World Goodnight - (Hazel...
The Tragically Hip - 4 from SBD,1996,https://www.youtube.com/watch?v=qeAEjev05O4,Buffalo,SBD,Twist My Arm  (w/ (Todd Rundgren)  It Wouldn't Have Made Any Difference outro tag) / Nautical Disaster  (w/ (Rheostatics) Bad Time To Be Poor & Claire - (Jane Siberry) Temple...
The Tragically Hip - 5 from SBD,1996,https://www.youtube.com/watch?v=edDcg_qnp8I,Pittsburgh,SBD,Opiated / Hiccups/Daredevil / Sherpa.................................................................click SHOW MORE to expand  vvv / Locked In The Trunk Of A...
The Tragically Hip - (FM Radio Simulcast),1996-05-18,https://www.youtube.com/watch?v=F8KP7_TRBA4,,,"Grace, Too  (Fades in - w/ Procrastination tag) / Springtime In Vienna / Nautical Disaster..."
The Tragically Hip - (FM Radio Simulcast),1996-05-18,https://www.youtube.com/watch?v=F8KP7_TRBA4,,,"Grace, Too  (Fades in - w/ Procrastination tag) / Springtime In Vienna / Nautical Disaster..."
The Tragically Hip - (SBD),1996-05-29,https://www.youtube.com/watch?v=2LEZW_MbVeA,Wahington DC,SBD,Johnny Fay intro / Gift Shop...............................click SHOW MORE to expand vvv / Springtime In Vienna...
The Tragically Hip - (FM Radio Simulcast),1996-05-29,https://www.youtube.com/watch?v=tBZ8kVmdf-0,,,"Gift Shop / Springtime In Vienna  (w/ Nazi Artist)....................click SHOW MORE to expand  vvv / Grace,..."
The Tragically Hip - ( SBD - Part 1),1996-06-01,https://www.youtube.com/watch?v=IVjNb5_sjpg,NYC,SBD,Gift Shop
The Tragically Hip - ( SBD - Part 2),1996-06-01,https://www.youtube.com/watch?v=amsu5HW0shY,NYC,SBD,Ahead By A Century
The Tragically Hip,1996-06-21,https://www.youtube.com/watch?v=pBxql0J-05k,"Dallas, Texas",,"Gift Shop  (w/ (Steve Earle) Feel Alright tag) / Grace, Too.............................................................click..."
The Tragically Hip,1996-07-20,https://www.youtube.com/watch?v=ZXruKYc2JRo,"Boulder, Colorado",,"Grace, Too / 700ft Ceiling...................................................click SHOW MORE to expand  vvv / Pigeon Camera..."
The Tragically Hip,1996-08-29,https://www.youtube.com/watch?v=PuBCMmKNYbo,"Carrboro, North Carolina",,"Springtime In Vienna / Grace, Too.......................................................click SHOW MORE to expand  vvv"
The Tragically Hip,1996-08-29,https://www.youtube.com/watch?v=PuBCMmKNYbo,"Carrboro, North Carolina",,"Springtime In Vienna / Grace, Too.......................................................click SHOW MORE to expand  vvv"
The Tragically Hip,1996-10-06,https://www.youtube.com/watch?v=onUnp8QymtM,"Burlington, Vermont",,"Grace, Too  (w/ (Early) Escape is at Hand - (April Wine) I'm On Fire For You Baby tags) / Springtime in Vienna"
The Tragically Hip,1996-10-06,https://www.youtube.com/watch?v=onUnp8QymtM,"Burlington, Vermont",,"Grace, Too  (w/ (Early) Escape is at Hand - (April Wine) I'm On Fire For You Baby tags) / Springtime in Vienna"
The Tragically Hip - (SBD),1996-11-13,https://www.youtube.com/watch?v=TeKAwnWWoXQ,Edmonton,SBD,"Grace, Too  (w/ Big Dumb Wind - Cookie Factory/Westwind) / Everytime You Go / Springtime In Vienna  (w/ 60 Seconds).........................click SHOW MORE to expand..."
The Tragically Hip - (Part 2),1996-11-26,https://www.youtube.com/watch?v=JmTCaDowlO8,Buffalo,,Put It Off  (w/ Procrastination tag) / New Orleans Is Sinking  (w/ (Bruce Cockburn) Tokyo tag) / Don't Wake Daddy...
The Tragically Hip,1996-11-26,https://www.youtube.com/watch?v=KSUEWWzQIu4,"Buffalo, New York",,"Gift Shop / Twist My Arm  (w/ (Todd Rundgren) It Wouldn't Have Made Any Difference tag) / Grace, Too"
The Tragically Hip - (Part I),1996-11-26,https://www.youtube.com/watch?v=mcdEeo7aTAs,Buffalo,,"Gift Shop / Twist My Arm  (w/ (Todd Rundgren) It Wouldn't Have Made Any Difference tag) / Grace, Too"
The Tragically Hip,1996-11-29,https://www.youtube.com/watch?v=Qm1GzHRMY4M,"Kanata, Ontario",,Gift Shop / Twist My Arm  (w/ (A Foot In Coldwater) Make Me Do Anything You Want tag)
The Tragically Hip - (Part 1),1996-12-09,https://www.youtube.com/watch?v=90E9_-3E8nM,Montreal,,"Gift Shop / Everytime You Go / Grace, Too  (w/ Songwriters' Cabal tag) / Springtime in Vienna / Twist..."
The Tragically Hip - (Part 2),1996-12-09,https://www.youtube.com/watch?v=eHawgNlJRaI,Montreal,,At the Hundredth Meridian  (w/ (Early) Poets - (Gordon Lightfoot) Black Day in July - Fear - (Early) Stay - Purple Paint tags)...
The Tragically Hip - 3 from SBD,1997,https://www.youtube.com/watch?v=ivyrBpa9Lkw,Berlin,SBD,The Luxury  (w/ If You Lived Here - Empty outro tag) / New Orleans Is Sinking  (w/ Plug Me In - Purple Paint - (Early/Spoken Word) Fireworks) / Put It Off
The Tragically Hip - 3 from SBD,1997,https://www.youtube.com/watch?v=ivyrBpa9Lkw,Berlin,SBD,The Luxury  (w/ If You Lived Here - Empty outro tag) / New Orleans Is Sinking  (w/ Plug Me In - Purple Paint - (Early/Spoken Word) Fireworks) / Put It Off
The Tragically Hip - Between Us Live 1997 SBD Compilation,1997,https://www.youtube.com/watch?v=sta00OpBnNE,,SBD,"Grace, Too  (w/ Window Washer rant) / Don't Wake Daddy / (Early) Membership........................................................click SHOW MORE to expand  vvv"
The Tragically Hip - (SBD),1997-05-07,https://www.youtube.com/watch?v=a1Tf4AgZCt0,"Utrecht, Holland",SBD,Gift Shop / Ahead By A Century / Springtime In Vienna  (w/ 60 Seconds)..............................................click SHOW MORE to expand  vvv / The Luxury...
The Tragically Hip - (SBD),1997-05-07,https://www.youtube.com/watch?v=bAqJnR2VtrM,Amsterdam,SBD,Intro & Gift Shop / Ahead By A Century..............................................click SHOW MORE to expand  vvv
The Tragically Hip,1997-05-10,https://www.youtube.com/watch?v=EzjMdL0YNw8,"Groningen, Holland",,"Gift Shop / Grace, Too  (w/ John Lennon at Oosterpoort)........click SHOW MORE to expand  vvv / An Inch An Hour"
The Tragically Hip,1997-05-11,https://www.youtube.com/watch?v=dChsO74VKGQ,"Utrecht, Holland",,"Gift Shop  (w/ Just Their Mortal Husks tag) / Fully Completely  (w/ (Early) Vapour Trails tag) / Grace, Too  (w/ Peacekeeper..."
The Tragically Hip - (Part 2),1997-06-09,https://www.youtube.com/watch?v=2tIA-PVmhYA,Toronto,,At The Hundredth Meridian (Conclusion) / (Early) Membership / Greasy Jungle / Coconut Cream / (Early)...
The Tragically Hip - (Part 1),1997-06-09,https://www.youtube.com/watch?v=qFCPnTpi_pk,Toronto,,"(Early) Save the Planet / Grace, Too  (w/ (Early) Poets tag) / Everytime You Go / Springtime in Vienna"
The Tragically Hip - Between Us Live 1998 SBD Compilation,1998,https://www.youtube.com/watch?v=8o3obAdaOJ4,,SBD,"Grace, Too  (w/ Finger Roll - Lofty Pines tag) / Chagrin Falls  (w/ (Bill Monroe) Born Free tag) / Membership  (Acoustic - With false start)....................................."
The Tragically Hip - (FM Radio Simulcast),1998,https://www.youtube.com/watch?v=T--FTyoOacA,Chicago,,Program & Band Intros / Interview / Fireworks / Ahead by a Century / Interview
The Tragically Hip,1998-07-22,https://www.youtube.com/watch?v=YRHj61YWWMI,New York City,,Poets Plus / Fireworks......................................................................click SHOW MORE to expand...
The Tragically Hip,1998-07-24,https://www.youtube.com/watch?v=IzsSPMZqmK4,New York City,,Save The Planet / Membership..................................................................click SHOW MORE to expand...
The Tragically Hip - (SBD),1998-07-30,https://www.youtube.com/watch?v=1jmEjGV4t6A,Sausalito,SBD,Membership / Something On / Ahead By A Century.......................................click SHOW MORE to expand  vvv / Bobcaygeon / Fireworks / Scared...
The Tragically Hip,1998-08-01,https://www.youtube.com/watch?v=S6M5VBfBYa4,"Aspen, Colorado",,"Grace, Too  (w/ (April Wine) I'm On Fire For You Baby tag) / Poets  (w/ (Howlin' Wolf) 300 Pounds of Joy..."
The Tragically Hip - (SBD),1998-08-03,https://www.youtube.com/watch?v=VNVb_u8PdLQ,Chicago,SBD,"Grace, Too  (w/ Finger Roll - Lofty Pines tag) / Poets / Gift Shop..........................................click SHOW MORE to expand   vvv / Fireworks"
The Tragically Hip,1998-08-10,https://www.youtube.com/watch?v=cbSaa6no-8Q,"Boston, Massachusetts",,Gift Shop  (w/ Lofty Pines tag) / Poets Plus  (w/ Nazi Artist).............................................click SHOW MORE to expand...
The Tragically Hip,1998-08-11,https://www.youtube.com/watch?v=kGjurbVPC-I,"Boston, Massachusetts",,"Grace, Too  (w/ Lofty Pines tag) / Poets.......................................................click SHOW MORE to expand..."
The Tragically Hip,1998-08-12,https://www.youtube.com/watch?v=u_u_R_mJTE4,"Boston, Massachusetts",,Poets  Plus / The Inevitability Of Death  (w/ The Burning Church - (BTO) You Ain't Seen Nothing Yet tags) / ...
The Tragically Hip,1998-08-13,https://www.youtube.com/watch?v=P5BmXlyG6UI,"Boston, Massachusetts",,700ft Ceiling / Poets................................................................................click SHOW MORE to expand...
The Tragically Hip,1998-08-22,https://www.youtube.com/watch?v=0RzXzfUmyW8,"Toledo, Ohio",,"Grace, Too / Poets Plus / Gift Shop / Thompson Girl / Nautical Disaster / Fireworks"
The Tragically Hip,1998-08-27,https://www.youtube.com/watch?v=XOoMlm9I6kc,"Hampton Beach, New Hampshire",,Save The Planet / Twist My Arm..........................................click SHOW MORE to expand  vvv / Poets Plus
The Tragically Hip,1998-08-27,https://www.youtube.com/watch?v=XOoMlm9I6kc,"Hampton Beach, New Hampshire",,Save The Planet / Twist My Arm..........................................click SHOW MORE to expand  vvv / Poets Plus
The Tragically Hip,1998-08-28,https://www.youtube.com/watch?v=hzlxQj7aZYM,"Portland, Maine",,"Grace, Too  (w/ Grizzly Bear & Salmon Run rant) / Fireworks....................................click SHOW MORE to expand..."
The Tragically Hip,1998-10-02,https://www.youtube.com/watch?v=VmUSpl0uAbs,"Pittsburgh, Pennsylvania",,Save The Planet / Twist My Arm.............................................................click SHOW MORE to expand  vvv
The Tragically Hip,1998-10-08,https://www.youtube.com/watch?v=bZetTMUlnvs,"Rochester, New York",,"Grace, Too / Poets / Gift Shop / Vapour Trails / Bobcaygeon  (w/ (The Stampeders) Sweet City Woman tag)..."
The Tragically Hip,1998-10-21,https://www.youtube.com/watch?v=Tz9QBiUBqvk,"Scottsdale, Arizona",,"Grace, Too  (w/ San Francisco Song tag) / Poets Plus.....................................................................click..."
The Tragically Hip,1998-10-22,https://www.youtube.com/watch?v=UGTyrNGTUVE,"Tucson, Arizona",,"Save The Planet  (w/ If You're Freaked, I'm Fucked tag) / Fully Completely / Gift Shop  (w/ Just Their Mortal..."
The Tragically Hip,1998-10-31,https://www.youtube.com/watch?v=X2DH4HVydaw,"Atlanta, Georgia",,"Grace, Too  (w/ Goblin - Insomniacs Of The World Goodnight tags) / Poets Plus / Fully Completely..."
The Tragically Hip - (SBD),1998-10-31,https://www.youtube.com/watch?v=lA5klOhtg0M,Atlanta,SBD,"Grace, Too  (w/ Goblin - Insomniacs Of The World Goodnight tags) / Poets Plus / Fully Completely / Gift..."
The Tragically Hip,1998-11-02,https://www.youtube.com/watch?v=DSXQKes1T8w,"Athens, Georgia",,Save The Planet / Gift Shop  (w/ Just Their Mortal Husks tag) / Something On / The Luxury  (w/ Banana Shaker...
The Tragically Hip,1998-11-16,https://www.youtube.com/watch?v=iBMm9Dwymy4,"Winston-Salem, North Carolina",,"Grace, Too  (w/ (Simon & Garfunkel) Scarborough Fair/Canticle tag) / Save The Planet......................................click..."
The Tragically Hip,1998-11-28,https://www.youtube.com/watch?v=CXfaw7h1cao,New York City,,Fireworks / Twist My Arm / Courage (for Hugh MacLennan) / Escape Is at Hand for the Travellin'...
The Tragically Hip,1998-11-28,https://www.youtube.com/watch?v=CXfaw7h1cao,New York City,,Fireworks / Twist My Arm / Courage (for Hugh MacLennan) / Escape Is at Hand for the Travellin'...
The Tragically Hip - (FM Radio Simulcast),1998-12-01,https://www.youtube.com/watch?v=XHXkK8RtOTQ,,,Intro / Membership.........................................click SHOW MORE to expand  vvv / Thompson...
The Tragically Hip,1998-12-04,https://www.youtube.com/watch?v=92VW91_b4_w,"Hartford, Connecticut",,"Grace, Too  (w/ Songwriters' Cabal - Nothing To Worry About tags) / Poets  (w/ If You Lived Here tag) / Fully..."
The Tragically Hip,1998-12-05,https://www.youtube.com/watch?v=5KFeXwQarz4,"Boston, Massachusetts",,Fireworks / Twist My Arm  (w/(Crowded House) Into Temptation tag) / Courage (for Hugh MacLennan)...
"The Tragically Hip - December 29, (SBD)",1999,https://www.youtube.com/watch?v=9J-vaBsiBPc,Toronto,SBD,My Music At Work / Poets / Gift Shop........................................................................click SHOW MORE to expand  vvv / Putting Down
The Tragically Hip - (Part 2),1999,https://www.youtube.com/watch?v=8Q0Vj78skYk,"Mississauga, Ontario",,Nautical Disaster / Fireworks / Springtime in Vienna  (w/ 60 Seconds tag) / Little Bones / Chagrin...
The Tragically Hip - (FM Simulcast),1999,https://www.youtube.com/watch?v=RQECmEN7WSo,"Spokane, Washington",,Intro/ DJ asking dumb questions / Poets / About Bobcaygeon lyrics & video / Bobcaygeon / Gord S on...
The Tragically Hip,1999-02-05,https://www.youtube.com/watch?v=kYc8yf5e-fI,"Montreal, Quebec",,"Save The Planet / Grace, Too / Courage (for Hugh MacLennan) / Escape Is At Hand For The Travellin'..."
The Tragically Hip,1999-02-06,https://www.youtube.com/watch?v=FNfspSHURm0,"Quebec City, Quebec",,"Fireworks / Fully Completely / Grace, Too  (w/ (Beach Boys) Don't Worry Baby tag) / Thompson Girl..."
The Tragically Hip - (SBD),1999-02-11,https://www.youtube.com/watch?v=P6n8y5fNQFk,"Novi, Michigan",SBD,Intro & Fireworks / Membership / Something On / Bobcaygeon / Escape Is At Hand For The...
The Tragically Hip,1999-05-08,https://www.youtube.com/watch?v=88222wwuK8E,"Pittsburgh, Pennsylvania",,"Grace, Too  (w/ (Early) Stay - (Carl Perkins) Everybody's Trying to Be My Baby tags) / Something..."
The Tragically Hip,1999-05-18,https://www.youtube.com/watch?v=kBhYV_JN_5E,"Carrboro, North Carolina",,"Fireworks / Fully Completely..............................................click SHOW MORE to expand  vvv / Grace, Too..."
The Tragically Hip,1999-05-20,https://www.youtube.com/watch?v=N102GqWljMs,"Nashville, Tennessee",,"Grace, Too  (w/ (Early) The Bastard - Nothing To Worry About tags) / Fully Completely / Fireworks / Gift Shop..."
The Tragically Hip - (SBD),1999-07-24,https://www.youtube.com/watch?v=bzmWv9atl28,Woodstock,SBD,"Intro/Grace, Too / Fully Completely / Fireworks / Gift Shop / Springtime In Vienna / Bobcaygeon / Nautical Disaster / Poets / Courage (for Hugh MacLennan) / Ahead..."
The Tragically Hip (SBD),1999-12-31,https://www.youtube.com/watch?v=LYCHgiFVnVg,Toronto,SBD,"Poets Plus / Grace, Too / My Music At Work..........................................................click SHOW MORE to expand  vvv / Gift Shop / Putting..."
The Tragically Hip - (Part 1),2000,https://www.youtube.com/watch?v=CVE9_F9h1f0,"Rochester, New York",,"Grace, Too / My Music at Work / Escape Is at Hand for the Travellin' Man / Tiger the Lion / Fully..."
The Tragically Hip - (Part 2),2000,https://www.youtube.com/watch?v=heV2SV7d9eA,"Rochester, New York",,Courage  (for Hugh MacLennan) / Lake Fever / Poets Plus / Flamenco / Ahead by a Century
The Tragically Hip - Between Us Live 2000 SBD Compilation,2000,https://www.youtube.com/watch?v=aG90NBb7uPQ,,SBD,"Freak Turbulence  (Montreal - June 21) / Tiger The Lion  (Montreal - June 21) / Wild Mountain Honey  (Atlanta - October 12) / An Inch An Hour  (Ft Collins, Colorado..."
The Tragically Hip - 8 from SDB,2000,https://www.youtube.com/watch?v=dhBMHVQz9Qs,Sudbury,,"Let's Stay Engaged / My Music At Work / Grace, Too / Freak Turbulence / The Last Of The Unplucked Gems / Toronto #4 / Opiated / Nautical..."
The Tragically Hip,2000,https://www.youtube.com/watch?v=mF_XsK_Wq5w,San Francisco,,700ft Ceiling / Membership / Freak Turbulence / Train Overnight / Sharks
The Tragically Hip - (SBD),2000-01-01,https://www.youtube.com/watch?v=VhhZoR1vsOM,Toronto,SBD,"Intro & Grace, Too / Save The Planet / Gift Shop...................................................................click SHOW MORE to expand  vvv / Vapour Trails..."
The Tragically Hip - (SBD),2000-06-13,https://www.youtube.com/watch?v=aaoGSax_-rc,Chicago,SBD,Intro / Putting Down / Freak Turbulence.......................................click SHOW MORE to expand  vvv / My Music At Work / Escape Is At Hand For...
The Tragically Hip,2000-07-01,https://www.youtube.com/watch?v=7K4HHwWM3xc,"Central Park, NYC",,"Grace, Too  (w/ Canada Of The Soul tag) / My Music At Work.................................click SHOW MORE to expand vvv"
The Tragically Hip,2000-07-14,https://www.youtube.com/watch?v=_LbUstaD-L0,"Cleveland, Ohio",,Putting Down / Something On.................................................................click SHOW MORE to expand vvv...
The Tragically Hip,2000-07-15,https://www.youtube.com/watch?v=xJrvv_hMGVo,"Clarkston, Michigan",,Fully Completely  (w/ (John Lennon) Oh Yoko tag) / Putting Down / Gift Shop  (w/ Steeplechase tag)...
The Tragically Hip,2000-07-15,https://www.youtube.com/watch?v=3hsmcjGs8Ks,"Clarkston, Michigan",,Putting Down  (partial - cuts in) / Gift Shop  (w/ Steeplechase tag) / Yawning or Snarling / Poets...
The Tragically Hip - (Part 1),2000-07-27,https://www.youtube.com/watch?v=KuLhB9sHOy8,Washington,,"Grace, Too / Tiger the Lion / Something On / Gift Shop / Putting Down / Yawning or Snarling"
The Tragically Hip - (Part 1),2000-07-27,https://www.youtube.com/watch?v=KuLhB9sHOy8,Washington,,"Grace, Too / Tiger the Lion / Something On / Gift Shop / Putting Down / Yawning or Snarling"
The Tragically Hip - (Part 2),2000-07-27,https://www.youtube.com/watch?v=E9mvVRCmviQ,Washington,,Fireworks / Wheat Kings / My Music at Work / At The Hundredth Meridian / Save the Planet
The Tragically Hip - (Part 2),2000-08-04,https://www.youtube.com/watch?v=Pd-znt5OgsA,Hartford,,Poets / Lake Fever / Gift Shop  (w/ Just Their Mortal Husks tag) / Wheat Kings / Nautical Disaster...
The Tragically Hip - (Part 1),2000-08-04,https://www.youtube.com/watch?v=0O1BcJ0gBGA,Hartford,,"Putting Down / Something On / Grace, Too / Sharks / Fully Completely / Opiated / Escape..."
The Tragically Hip - (Part I),2000-08-05,https://www.youtube.com/watch?v=70y8d-8qYyA,Burlington,,"My Music at Work / Grace, Too  (w/ Insomniacs of the World, Goodnight tag) / Gift Shop / Putting Down"
The Tragically Hip - (Part 1),2000-10-02,https://www.youtube.com/watch?v=9n7stBUmjzk,Rochester,,"Grace, Too / My Music at Work / Escape Is at Hand for the Travellin' Man / Tiger the Lion"
The Tragically Hip - (Part 2),2000-10-02,https://www.youtube.com/watch?v=Da6DvLWvm9Q,Rochester,,Courage (for Hugh MacLennan) / Lake Fever / Poets Plus / Flamenco / Ahead by a Century  (w/ (Nick...
The Tragically Hip - (Part 2),2000-10-02,https://www.youtube.com/watch?v=Da6DvLWvm9Q,Rochester,,Courage (for Hugh MacLennan) / Lake Fever / Poets Plus / Flamenco / Ahead by a Century  (w/ (Nick...
The Tragically Hip,2000-10-03,https://www.youtube.com/watch?v=MC2ZWX-wqwQ,"Syracuse, New York",,Putting Down / Something On...................................................click SHOW MORE to expand  vvv
The Tragically Hip,2000-10-06,https://www.youtube.com/watch?v=26jcWqF0b7Y,New York City,,"Grace, Too  (w/ Filles Du Roi - Figment tags) / My Music At Work.........................................click SHOW..."
The Tragically Hip,2000-10-06,https://www.youtube.com/watch?v=26jcWqF0b7Y,New York City,,"Grace, Too  (w/ Filles Du Roi - Figment tags) / My Music At Work.........................................click SHOW..."
The Tragically Hip - (Part 2),2000-10-19,https://www.youtube.com/watch?v=RTIr8Hp3Bus,Tucson,,Opiated / Courage (for Hugh MacLennan) / Lake Fever / Poets / Toronto #4 / Twist My Arm
The Tragically Hip - (Part 1),2000-10-19,https://www.youtube.com/watch?v=9yi-V1KShvM,Tucson,,"Grace, Too / My Music at Work / Escape Is at Hand for the Travellin' Man / Tiger the Lion / Fully Completel..."
The Tragically Hip,2000-10-27,https://www.youtube.com/watch?v=j8aACbvLKko,"Ft Collins, Colorado",,"My Music At Work / Grace, Too / An Inch An Hour......................................................click SHOW MORE to expand  vvv / Putting Down / Gift..."
The Tragically Hip - (Part 2),2000-10-28,https://www.youtube.com/watch?v=qoma0A8ZpRA,Denver,,Boots or Hearts / Emperor Penguin / Courage (for Hugh MacLennan) / Lake Fever / At the Hundredth...
The Tragically Hip - (Part 1),2000-10-28,https://www.youtube.com/watch?v=drN0h7sSL_E,Denver,,"Grace, Too / My Music at Work / Membership / Twist My Arm / Fully Completely / ..."
The Tragically Hip - (First Set),2000-11-04,https://www.youtube.com/watch?v=VbzSnX_iZto,Portland,,"Grace, Too / My Music at Work / Membership / Fully Completely  (w/ (Bee Gees) To Love Somebody..."
The Tragically Hip - (First Set),2000-11-04,https://www.youtube.com/watch?v=VbzSnX_iZto,Portland,,"Grace, Too / My Music at Work / Membership / Fully Completely  (w/ (Bee Gees) To Love Somebody..."
The Tragically Hip - (Second Set),2000-11-04,https://www.youtube.com/watch?v=3lQfdCuC8lM,Portland,,Wheat Kings / Train Overnight / Opiated  (w/ If You Lived Here tag) / Courage (w/ (Beatles) Norwegian...
The Tragically Hip,2000-12-02,https://www.youtube.com/watch?v=RCmMS8PdeYQ,"Detroit, Michigan",,"My Music At Work / Grace, Too / Save The Planet / Fully Completely / Tiger The Lion / Lionized / Putting Down / Gift Shop / Titanic Terrarium / Fireworks / Sharks / Ahead..."
The Tragically Hip,2000-12-20,https://www.youtube.com/watch?v=SlUbqm-1Vhw,"Buffalo, NY",,"My Music at Work / Grace, Too / Everytime You Go / Putting Down / Gift Shop / The Last of the Unplucked Gems / Something On / Greasy Jungle / Twist My Arm..."
The Tragically Hip - (Part 1),2000-12-23,https://www.youtube.com/watch?v=WSoQASOP6kQ,Toronto,,Poets / My Music at Work / Chagrin Falls / Three Pistols / Tiger the Lion / At the Hundredth...
The Tragically Hip - Between Us Live 2002 SBD Compilation,2002,https://www.youtube.com/watch?v=EQu7I4lhDYI,,SBD,All Tore Up..............................................................(Edmonton - September 26) / Lake Fever..............................................................(Toronto...
The Tragically Hip - Between Us Live 2002 SBD Compilation,2002,https://www.youtube.com/watch?v=EQu7I4lhDYI,,SBD,All Tore Up..............................................................(Edmonton - September 26) / Lake Fever..............................................................(Toronto...
The Tragically Hip - (FM Simulcast),2002,https://www.youtube.com/watch?v=xaLmdSv4BpQ,Detroit,,Program Intro / Use It Up / It's A Good Life If You Don't Weaken / Interview #1 / Are You Ready?
The Tragically Hip - Between Us Live 2002 SBD Compilation,2002,https://www.youtube.com/watch?v=6SLlmMHf_Nk,,SBD,All Tore Up.........................................................(Edmonton) / The Dark Canuck.............................
The Tragically Hip,2002-02-20,https://www.youtube.com/watch?v=XuEsZ1HcjNU,"Toronto, Ontario",,"Poets / New Orleans Is Sinking / Fireworks / Fully Completely / Grace, Too / Courage (for Hugh MacLennan)..."
The Tragically Hip - (SBD),2002-06-12,https://www.youtube.com/watch?v=ceRJi1JYYlE,Toronto,SBD,Program Intro & Use It Up / It's A Good Life If You Don't Weaken / Are You Ready / Silver Jet / Throwing Off Glass / The Dire Wolf / Leave...
The Tragically Hip - (SBD),2002-06-13,https://www.youtube.com/watch?v=YpDc7LqcpG0,Buffalo,SBD,Use It Up / It's A Good Life If You Don't Weaken / Are You Ready.............................................................click SHOW MORE to expand vvv / Silver...
The Tragically Hip - (Part I),2002-06-28,https://www.youtube.com/watch?v=Ig8L0XZrP_0,NYC,,Use It Up / New Orleans Is Sinking / Fully Completely / Lake Fever / Silver Jet / Springtime...
The Tragically Hip,2002-07-16,https://www.youtube.com/watch?v=HYUFtkgsNRs,"Chicago, Illinois",,Use It Up / New Orleans Is Sinking....................................................click SHOW MORE to expand...
The Tragically Hip,2002-07-17,https://www.youtube.com/watch?v=sxDGbusPdCQ,"Chicago, Illinois",,Silver Jet / My Music At Work...................................................click SHOW...
The Tragically Hip,2002-07-18,https://www.youtube.com/watch?v=gHJmAP8YoOY,"Chicago, Illinois",,Use It Up / My Music At Work.............................................................click SHOW MORE to expand...
The Tragically Hip,2002-07-19,https://www.youtube.com/watch?v=yOqkl4oQJVw,"Chicago, Illinois",,Use It Up / My Music At Work.................................................click SHOW MORE to expand  vvv
The Tragically Hip - (SBD),2002-07-19,https://www.youtube.com/watch?v=-EM0MBCz_YE,Chicago,SBD,Program Intro/Use It Up / My Music At Work................................click SHOW MORE to expand vvv / ...
The Tragically Hip,2002-08-07,https://www.youtube.com/watch?v=ZBZXlr7dPro,"Englewood, Colorado",,Silver Jet / Blow at High Dough  (w/ Laminar Flow tag) / Fully Completely / Bobcaygeon / Nautical...
The Tragically Hip,2002-08-17,https://www.youtube.com/watch?v=m2CDk52SCUE,"San Francisco, California",,Use It Up / New Orleans Is Sinking..........................................click SHOW MORE to expand  vvv
The Tragically Hip,2002-08-17,https://www.youtube.com/watch?v=m2CDk52SCUE,"San Francisco, California",,Use It Up / New Orleans Is Sinking..........................................click SHOW MORE to expand  vvv
The Tragically Hip,2002-08-23,https://www.youtube.com/watch?v=NUiUbriOxe8,"Portland, Oregon",,Silver Jet / New Orleans Is Sinking.........................click SHOW MORE to expand  vvv / Fully Completely
The Tragically Hip,2002-09-20,https://www.youtube.com/watch?v=RbSpaApDXCU,"Vancouver, BC",,Silver Jet / New Orleans Is Sinking / Fully Completely / The Darkest One / Fireworks / Lake Fever / Courage (for Hugh MacLennan) / Putting...
The Tragically Hip,2002-10-01,https://www.youtube.com/watch?v=5stux_fFi-0,"Winnipeg, Manitoba",,"Use It Up / My Music at Work / New Orleans Is Sinking  (w/ Laminar Flow tag) / Grace, Too"
The Tragically Hip,2002-10-05,https://www.youtube.com/watch?v=fWhWwU5Duzk,"Syracuse, New York",,Silver Jet / My Music At Work.................................click SHOW MORE to expand  vvv / New Orleans is...
The Tragically Hip - (Part 1),2002-10-11,https://www.youtube.com/watch?v=_ZNLpG5HzlU,Montreal,,"Use It Up / My Music at Work / New Orleans Is Sinking  (w/ Laminar Flow tag) / Grace, Too / Escape..."
The Tragically Hip - (Part 2),2002-10-11,https://www.youtube.com/watch?v=6Hshn4tv-90,Montreal,,Inevitability of Death / A Beautiful Thing / At The Hundredth Meridian  (w/ Life Is For Getting/Forgetting tag)...
The Tragically Hip,2002-10-12,https://www.youtube.com/watch?v=SmcDTAmzPfE,"Montreal, Quebec",,Silver Jet / New Orleans Is Sinking / Fully Completely / Chagrin Falls  (w/ (Matt Monro) Born Free tag)...
The Tragically Hip,2002-10-12,https://www.youtube.com/watch?v=SmcDTAmzPfE,"Montreal, Quebec",,Silver Jet / New Orleans Is Sinking / Fully Completely / Chagrin Falls  (w/ (Matt Monro) Born Free tag)...
The Tragically Hip,2002-10-12,https://www.youtube.com/watch?v=tKn1ljM2lW0,"Montreal, Quebec",,Silver Jet / New Orleans Is Sinking / Fully Completely / Chagrin Falls / Bobcaygeon
The Tragically Hip - (SBD),2002-10-20,https://www.youtube.com/watch?v=L8_8lpmm5VQ,Orlando,SBD,"Use It Up / My Music at Work / New Orleans Is Sinking / Fully Completely / Grace, Too  (w/ Microphone/Microphone..."
The Tragically Hip - (SBD),2002-10-23,https://www.youtube.com/watch?v=pavfsbTbYF4,New Orleans,SBD,Use It Up / My Music at Work / New Orleans Is Sinking  (w/ Laminar Flow tag) / Fully Completely  (w/ Microphon...
The Tragically Hip,2002-11-09,https://www.youtube.com/watch?v=wBtyqQNsDnA,"Groningen, Holland",,
The Tragically Hip,2003-09-06,https://www.youtube.com/watch?v=v6UU8Th7WVU,"Barrie, Ontario",,"Fire in the Hole / Grace, Too  (w/ (Beach Boys) Don't Worry Baby - On The Farm tags) / Poets Plus  (w/ (David Bowie)..."
The Tragically Hip - 2004 / 2008 SBD Compilation,2004,https://www.youtube.com/watch?v=IBsg_gGejDw,,SBD,Mean Streak / One Night in Copenhagen / My Music at Work
The Tragically Hip - 2004 / 2008 SBD Compilation,2004,https://www.youtube.com/watch?v=IBsg_gGejDw,,SBD,Mean Streak / One Night in Copenhagen / My Music at Work
The Tragically Hip - Between Us Live 2004 SBD Compilation,2004,https://www.youtube.com/watch?v=dTPuqHqLZOs,,SBD,Gus: The Polar Bear From Central Park...........................(Myrtle Beach - October 26) / Vaccination Scar..................................................................(Calg...
The Tragically Hip - 15 from SBD,2004,https://www.youtube.com/watch?v=CtN-BuQ0yL4,Ottawa,SBD,"Grace, Too  (w/ Microphone/Microphone Stand tag) / Fireworks / Gift Shop / As Makeshift As We Are / ..."
The Tragically Hip,2004-06-28,https://www.youtube.com/watch?v=nw-K0_SkyY4,"Toronto, Ontario",,"Vaccination Scar / Summer's Killing Us / Grace, Too  (w/ Nothing To Worry About tag) / Heaven Is a Better..."
The Tragically Hip,2004-06-29,https://www.youtube.com/watch?v=ANTYYnGvyV4,"Toronto, Ontario",,Vaccination Scar / Summer's Killing Us............................click SHOW MORE to expand vvv / Goodnight Josephine
The Tragically Hip,2004-07-23,https://www.youtube.com/watch?v=6Cb2lyAOBNg,"Darien Lakes, New York",,Vaccination Scar / Summer's Killing Us / Poets / We'll Go Too...
The Tragically Hip,2004-07-23,https://www.youtube.com/watch?v=buS6rOgtXqs,"Darien Lakes, New York",,"Vaccination Scar / Grace, Too..................................................click SHOW MORE to expand  vvv  ..."
The Tragically Hip,2004-09-19,https://www.youtube.com/watch?v=gJ-25zYzXMo,"Cleveland, Ohio",,"It Can't Be Nashville Every Night / Grace, Too / Summer's Killing Us"
The Tragically Hip,2004-10-09,https://www.youtube.com/watch?v=AkPR_36MepA,"Portland, Oregon",,"As Makeshift As We are / Grace, Too / My Music at Work / It's A Good Life If You Don't Weaken / Summer's..."
The Tragically Hip,2004-10-09,https://www.youtube.com/watch?v=AkPR_36MepA,"Portland, Oregon",,"As Makeshift As We are / Grace, Too / My Music at Work / It's A Good Life If You Don't Weaken / Summer's..."
The Tragically Hip,2004-10-17,https://www.youtube.com/watch?v=OJT-m-H0ulQ,"Pittsburgh, Pennsylvania",,Vaccination Scar / Fully Completely / Poets Plus / Gus: The Polar Bear From Central Park / Ahead By...
The Tragically Hip,2004-10-17,https://www.youtube.com/watch?v=OJT-m-H0ulQ,"Pittsburgh, Pennsylvania",,Vaccination Scar / Fully Completely / Poets Plus / Gus: The Polar Bear From Central Park / Ahead By...
The Tragically Hip,2004-10-23,https://www.youtube.com/watch?v=qwSiPq2xQYw,"Ottawa, Ontario",,"Vaccination Scar / Grace, Too / My Music at Work / Gus: The Polar Bear from Central Park"
The Tragically Hip,2004-10-30,https://www.youtube.com/watch?v=yn5O_oPFMwQ,"Grand Rapids, Michigan",,"Vaccination Scar / Grace, Too / New Orleans is Sinking / Gus: The Polar Bear from Central Park / ..."
The Tragically Hip,2004-12-04,https://www.youtube.com/watch?v=pQkfWkupCNE,"Sydney, Nova Scotia",,"Vaccination Scar / Grace, Too / My Music at Work / Gus: The Polar Bear from Central Park / Ahead by a Century..."
The Tragically Hip - Between Us Live 2005-2008 SBD Compilation,2005,https://www.youtube.com/watch?v=TGYyBNQMU-E,,SBD,"No Threat (Soundcheck)   (Grand Falls, NF - July 16, 2005) / Sherpa  (Toronto - June 24, 2006) / Locked In The Trunk Of A Car  (London - February 5, 2007) / Flamenco..."
The Tragically Hip - 13 from SBD,2006,https://www.youtube.com/watch?v=wfZGPwtlUM4,Toronto,SBD,Gift Shop / The Last Of The Unplucked Gems / Sherpa / No Threat / Lake Fever / Flamenco
The Tragically Hip - 11 from SBD,2006,https://www.youtube.com/watch?v=YgnMvVkFowo,Toronto,SBD,The Dire Wolf / So Hard Done By / Going Going Gone  (Bob Dylan cover) / Pigeon Camera / Daredevil...
The Tragically Hip - SBD Compilation,2006,https://www.youtube.com/watch?v=M0BCyaj02jA,Fort York,SBD,Lake Fever / Gift Shop / The Last of the Unplucked Gems / Flamenco / It Can't Be Nashville...
The Tragically Hip - Between Us Live : More 2006/07 SBD Goodness,2006,https://www.youtube.com/watch?v=qRf-ggLh9CQ,,SBD,The Lonely End Of The Rink / Yer Not The Ocean / ...
The Tragically Hip,2006-05-26,https://www.youtube.com/watch?v=1-VZDq9nu64,"Vancouver, BC",,The Lonely End of the Rink / Fully Completely / Twist My Arm / Lake Fever / The Drop-Off
The Tragically Hip,2006-06-16,https://www.youtube.com/watch?v=PSOj-1C4dYI,"Pittsburgh, Pennsylvania",,The Lonely End of the Rink / Fully Completely....................................click SHOW MORE to expand...
The Tragically Hip,2006-06-21,https://www.youtube.com/watch?v=xVUGmlsTnRI,"Belleville, Ontario",,Fully Completely / Summer's Killing Us / Twist My Arm / Fly / Ahead by a Century / Gift Shop...
The Tragically Hip,2006-06-21,https://www.youtube.com/watch?v=xVUGmlsTnRI,"Belleville, Ontario",,Fully Completely / Summer's Killing Us / Twist My Arm / Fly / Ahead by a Century / Gift Shop...
The Tragically Hip,2006-06-23,https://www.youtube.com/watch?v=_PGRe2k_6qg,"Toronto, Ontario",,The Lonely End of the Rink / Fully Completely.......................................click SHOW MORE to expand...
The Tragically Hip,2006-06-24,https://www.youtube.com/watch?v=wof0_r79EjA,"Toronto, Ontario",,Don't Wake Daddy / Courage (for Hugh MacLennan)..................click SHOW MORE to expand  vvv
The Tragically Hip,2006-07-08,https://www.youtube.com/watch?v=0xIy7L9quEo,"Brugge, Belgium",,"Grace, Too / My Music At Work.............................click SHOW MORE to expand  vvv / It Can't Be Nashville Every Night..."
The Tragically Hip,2006-07-09,https://www.youtube.com/watch?v=VPIQTn9lR5k,"Weert, Holland",,Don't Wake Daddy / Courage.................................................click SHOW MORE to expand vvv / The Lonely...
The Tragically Hip,2006-07-11,https://www.youtube.com/watch?v=WWSSo7l8rIQ,"Amsterdam, Holland",,Springtime in Vienna / New Orleans Is Sinking / The Lonely End of the Rink / Gus: The Polar Bear from...
The Tragically Hip,2006-10-22,https://www.youtube.com/watch?v=1LFfqzIb8zQ,"Toronto, Ontario",,The Lonely End of the Rink / Fifty-Mission Cap / In View / Lake Fever / The Drop-Off...
The Tragically Hip,2006-10-23,https://www.youtube.com/watch?v=FJF-xIuvWjo,"Toronto, Ontario",,Family Band / Courage (for Hugh MacLennan) / In View / It's a Good Life if You Don't Weaken...
The Tragically Hip,2006-10-25,https://www.youtube.com/watch?v=w7Vp1VW17G8,"Toronto, Ontario",,Yer Not the Ocean / Twist My Arm..................................click SHOW MORE to expand  vvv
The Tragically Hip,2006-10-26,https://www.youtube.com/watch?v=s78p9ONlA7A,"Toronto, Ontario",,The Lonely End of the Rink / Three Pistols / In View / 38 Years Old / The Drop-Off
The Tragically Hip,2006-10-28,https://www.youtube.com/watch?v=N49syv6HTd4,"Calgary, Alberta",,The Lonely End of the Rink / New Orleans Is Sinking / In View / Ahead by a Century / The Drop-Off
The Tragically Hip,2006-10-29,https://www.youtube.com/watch?v=XCzyapriKGo,"Calgary, Alberta",,Yer Not The Ocean / Three Pistols.........................................click SHOW MORE to expand  vvv
The Tragically Hip,2006-10-30,https://www.youtube.com/watch?v=YXk2TznueTw,"Calgary, Alberta",,Family Band / Courage (for Hugh MacLennan) / In View / Lake Fever / The Drop-Off
The Tragically Hip,2006-11-01,https://www.youtube.com/watch?v=cFBoAgYl37I,"Calgary, Alberta",,The Lonely End of the Rink / Twist My Arm / In View / Ahead by a Century / The Drop-Off
The Tragically Hip,2006-11-04,https://www.youtube.com/watch?v=GL-1AiqdSzM,"Vancouver, BC",,Family Band / Courage  (for Hugh MacLennan) / In View / Lake Fever / The Drop-Off / Bobcaygeo...
The Tragically Hip,2006-11-06,https://www.youtube.com/watch?v=O-Xz-hQtJ9c,"Vancouver, BC",,The Lonely End of the Rink / Twist My Arm / Yer Not the Ocean / It's A Good Life If You Don't Weaken...
The Tragically Hip,2006-11-07,https://www.youtube.com/watch?v=2IPv_b35p3o,"Vancouver, BC",,Yer Not the Ocean / New Orleans Is Sinking / Family Band / Gus: The Polar Bear from Central Park
The Tragically Hip,2006-11-09,https://www.youtube.com/watch?v=kCeaCsivrOw,"Montreal, Quebec",,Lonely End Of The Rink / New Orleans Is Sinking / In View / Don't Wake Daddy / The Drop-Off / ...
The Tragically Hip,2006-11-09,https://www.youtube.com/watch?v=7ub-6L7DXpk,"Montreal, Quebec",,The Lonely End of the Rink / New Orleans is Sinking............................click SHOW MORE to expand  vvv
The Tragically Hip,2006-11-10,https://www.youtube.com/watch?v=hPSE8VEvNSc,"Montreal, Quebec",,Family Band / Courage (for Hugh MacLennan)..........................click SHOW MORE to expand  vvv / Yer Not...
The Tragically Hip - (SBD),2006-12-31,https://www.youtube.com/watch?v=t5a-W_EHogY,Chicago,SBD,Program Intro & short chat w/ Gord / The Lonely End Of The Rink / New Orleans Is Sinking / Gus: The Polar...
The Tragically Hip - 6 from SBD,2007,https://www.youtube.com/watch?v=HOBUb3_hFsc,New York City,SBD,Escape Is At Hand For The Travellin' Man / The Magnificent Seven  (The Clash cover) / Fireworks / Scared
The Tragically Hip - 11 from SBD,2007,https://www.youtube.com/watch?v=HHT1Jdar2Sw,Thunder Bay,SBD,The Lonely End Of The Rink / Courage (for Hugh MacLennan) / Twist My Arm / Gus: The Polar Bear From...
The Tragically Hip,2007-01-08,https://www.youtube.com/watch?v=xJCZlJJshOo,"Victoria, BC",,The Lonely End of the Rink / Courage (for Hugh MacLennan) / Twist My Arm / Gus: The Polar Bear...
The Tragically hip,2007-01-25,https://www.youtube.com/watch?v=8PGCRa3ZzdY,"Barrie, Ontario",,The Lonely End of the Rink / New Orleans Is Sinking / Fully Completely / Gus: The Polar Bear from Central Park...
The Tragically Hip,2007-01-27,https://www.youtube.com/watch?v=TE29Hrgkq7U,"Sudbury, Ontario",,"The Lonely End of the Rink / Courage (for Hugh MacLennan) / Grace, Too / Boots or Hearts / Family Band..."
The Tragically Hip,2007-01-27,https://www.youtube.com/watch?v=TE29Hrgkq7U,"Sudbury, Ontario",,"The Lonely End of the Rink / Courage (for Hugh MacLennan) / Grace, Too / Boots or Hearts / Family Band..."
The Tragically Hip - (SBD),2007-02-08,https://www.youtube.com/watch?v=1Anro3yzX_Y,Toronto,SBD,The Lonely End Of The Rink / New Orleans Is Sinking.................................................click SHOW MORE...
The Tragically Hip,2007-03-09,https://www.youtube.com/watch?v=HbGbt9F5fU0,"Buffalo, New York",,The Lonely End Of The Rink / Courage (for Hugh MacLennan).....................................click SHOW MORE to expand  vvv...
The Tragically Hip,2007-03-10,https://www.youtube.com/watch?v=xVAxaN3kL2I,"Buffalo, New York",,Family Band / You're Not The Ocean / World Container / In View / New Orleans Is Sinking
The Tragically Hip,2007-03-10,https://www.youtube.com/watch?v=xVAxaN3kL2I,"Buffalo, New York",,Family Band / You're Not The Ocean / World Container / In View / New Orleans Is Sinking
The Tragically Hip,2007-03-15,https://www.youtube.com/watch?v=IfUQmFUWoQ0,"Houston, Texas",,The Lonely End of the Rink / New Orleans Is Sinking...............................click SHOW MORE to expand...
The Tragically Hip,2007-04-13,https://www.youtube.com/watch?v=XFqnVjmNf0Q,"Detroit, Michigan",,The Lonely End of the Rink / Courage  (for Hugh MacLennan) / Yer Not the Ocean / Boots or Hearts / In...
The Tragically Hip,2007-04-16,https://www.youtube.com/watch?v=gItUknAmBtQ,"Burlington, Vermont",,In View / New Orleans Is Sinking / The Drop-Off / It's A Good Life If You Don't Weaken
The Tragically Hip,2007-04-20,https://www.youtube.com/watch?v=SRnplnKR3JU,"Boston, Massachusetts",,"In View / My Music at Work / Grace, Too / It's a Good Life If You Don't Weaken"
The Tragically Hip - (SBD),2007-04-27,https://www.youtube.com/watch?v=XyK92mZnwUs,Philadelphia,SBD,Intro & Yer Not The Ocean / New Orleans Is Sinking............................................click...
The Tragically Hip,2007-05-14,https://www.youtube.com/watch?v=YVLN2uq7eX8,"Minneapolis, Minnesota",,Yer Not the Ocean / Fully Completely / It Can't Be Nashville Every Night / Boots or Hearts / The Kids Don't Get It / Bobcaygeon / Nautical...
The Tragically Hip,2007-09-13,https://www.youtube.com/watch?v=vs1nersx1Dk,"Halifax, Nova Scotia",,"The Lonely End of the Rink / New Orleans Is Sinking / Grace, Too / Gus: The Polar Bear from Central Park"
The Tragically Hip - (SBD),2007-09-27,https://www.youtube.com/watch?v=rGkIWG-zfbk,Amsterdam,SBD,Intro & Yer Not The Ocean / Family Band..............................................click SHOW MORE to expand ...
The Tragically Hip,2007-10-15,https://www.youtube.com/watch?v=LkBUQ83PnfY,"Aspen, Colorado",,Yer Not The Ocean / My Music At Work.............................click SHOW MORE to expand  vvv / Fully Completely  (w/ Microphone/M...
The Tragically Hip,2007-10-27,https://www.youtube.com/watch?v=NnIaXUMAa1A,"Boston, Massachusetts",,Yer Not the Ocean / New Orleans is Sinking..........................click SHOW MORE to expand  vvv / Fully Completely...
The Tragically Hip,2007-11-01,https://www.youtube.com/watch?v=jFQM62h8qCQ,"Syracuse, New York",,Yer Not The Ocean / New Orleans Is Sinking.....................................click SHOW MORE to expand  vvv
The Tragically Hip,2007-11-02,https://www.youtube.com/watch?v=yju8LYWsGLM,"Rochester, New York",,Yer Not the Ocean / New Orleans Is Sinking / My Music at Work / It's a Good Life if You Don't Weaken...
The Tragically Hip,2007-11-02,https://www.youtube.com/watch?v=yju8LYWsGLM,"Rochester, New York",,Yer Not the Ocean / New Orleans Is Sinking / My Music at Work / It's a Good Life if You Don't Weaken...
The Tragically Hip,2008-07-03,https://www.youtube.com/watch?v=Q5_6Dhs8qL8,"Ottawa, Ontario",,"In View / My Music at Work / Grace, Too / The Lonely End of the Rink / It's a Good Life if You Don't Weaken..."
The Tragically Hip - Smashing Pumpkins 1979 (SBD),2009,https://www.youtube.com/watch?v=HXQMrKzSWOM,,SBD,
The Tragically Hip - Between Us Live 2009 SBD Compilation (Part 2),2009,https://www.youtube.com/watch?v=FeDgOp-xvms,,SBD,Fully Completely / The Dire Wolf / Boots or Hearts / Putting Down / Are We Family / Throwing Off Glass / Gus: The Polar Bear from Central...
The Tragically Hip - 2009 Video Compilation (Part 2),2009,https://www.youtube.com/watch?v=vf0VEx9nebU,,,The Dire Wolf / Don't Wake Daddy / The Bear.....................................click SHOW MORE to expand vvv / World Container / Something On / ...
The Tragically Hip - 2009 Video Compilation (Part 1),2009,https://www.youtube.com/watch?v=prjQM1_4onw,,,Eldorado / Fireworks / Fully Completely / At The Hundredth Meridian / Greasy Jungle / Poets  (w/ Dan Aykroyd on harmonica) / Yawning or Snarling...
The Tragically Hip - 6 from SBD,2009,https://www.youtube.com/watch?v=TI1KKw7XZSk,San Francisco,SBD,Fully Completely  (w/ (Neil Young) Cinnamon Girl intro tag) / Thugs / The Dire Wolf / Thompson Girl  (Acoustic)...
The Tragically Hip - Between Us Live 2009 SBD Compilation,2009,https://www.youtube.com/watch?v=z-wGiXxCGWc,,SBD,"The Depression Suite................................(Lewiston, New York) / Coffee Girl..................................................(Kitchner, Ontario)..."
The Tragically Hip,2009-04-24,https://www.youtube.com/watch?v=liQQ7z2IcCw,"Toronto, Ontario",,"(  The Depression Suite / (  In View / (  Fireworks / (  Coffee Girl / (  Eldorado / (  New Orleans Is Sinking / (  Honey, Please"
The Tragically Hip,2009-05-01,https://www.youtube.com/watch?v=fl_rd6B7Oww,"Montreal, Quebec",,The Depression Suite / Family Band / Gift Shop / The Last Recluse / Putting Down / New Orleans Is Sinking...
The Tragically Hip - (Part 1),2009-05-02,https://www.youtube.com/watch?v=ituQLcDKcA4,Montreal,,Love Is a First / In View / Courage (for Hugh MacLennan) / Pigeon Camera / Fully Completely / Morning...
The Tragically Hip - (Part 2),2009-05-02,https://www.youtube.com/watch?v=EUc0Xp5RP_s,Montreal,,Fiddler's Green / Greasy Jungle / The Last Recluse / Twist My Arm / At the Hundredth Meridian / Queen...
The Tragically Hip,2009-05-07,https://www.youtube.com/watch?v=ZJ32nSweT08,"Philadelphia, Pennsylvania",,The Last Recluse / Yer Not The Ocean......................................click SHOW MORE to expand...
The Tragically Hip - (Part 1),2009-05-11,https://www.youtube.com/watch?v=GIMEKdwvOL8,Toronto,,The Depression Suite / In View / Courage (for Hugh MacLennan) / Pigeon Camera / Poets Plus / Morning Moon...
The Tragically Hip - (Part 2),2009-05-11,https://www.youtube.com/watch?v=c6IHfL-QL9M,Toronto,,Greasy Jungle / The Last Recluse / Twist My Arm / At the Hundredth Meridian / Coffee Girl / Ahead by a...
The Tragically Hip,2009-05-14,https://www.youtube.com/watch?v=XaF83oB7GLw,"Toronto, Ontario",,The Depression Suite / Fireworks / Don't Wake Daddy / Gift Shop / In View / The Last Recluse / ...
The Tragically Hip - (Part 2),2009-05-16,https://www.youtube.com/watch?v=-AFfgQ7kbRs,Toronto,,The Bear / Wheat Kings / Fireworks / Poets Plus / The Last Recluse / Gift Shop / Inevitability...
The Tragically Hip - (FM Radio Simulcast),2009-05-27,https://www.youtube.com/watch?v=ChXvVj-ADxc,,,Intro & Morning Moon / Interview................................................................click SHOW MORE to...
The Tragically Hip,2009-05-29,https://www.youtube.com/watch?v=9fpuCIeAhz8,"Detroit, Michigan",,The Depression Suite / Family Band...........................................................click SHOW MORE to expand  vvv...
The Tragically Hip,2009-05-30,https://www.youtube.com/watch?v=ItkkLZTt9JA,"Detroit, Michigan",,Love Is A First / The Drop Off.................................................click SHOW MORE to expand  vvv / Fifty-Miss...
The Tragically Hip,2009-05-31,https://www.youtube.com/watch?v=3y0cc95ePZY,"Cleveland, Ohio",,Honey Please / Yer Not The Ocean............................................click SHOW MORE to expand  vvv / Gift...
The Tragically Hip,2009-06-20,https://www.youtube.com/watch?v=3fqdCC8DlzQ,"Victoria, BC",,Love Is a First / Poets Plus...................................................click SHOW MORE to expand  vvv...
The Tragically Hip,2009-06-22,https://www.youtube.com/watch?v=Xoo6oDmgw1g,"Vancouver, BC",,The Depression Suite / In View / Gift Shop / Coffee Girl / Fireworks / Morning Moon
The Tragically Hip - (SBD) Pt. 1,2009-08-08,https://www.youtube.com/watch?v=TDC5-zu1fCI,Abbotsford,SBD,New Orleans Is Sinking / The Depression Suite..................................................click...
The Tragically Hip - (Second Set),2009-09-26,https://www.youtube.com/watch?v=w30yJb0hfHk,Ottawa,,Thompson Girl / Coffee Girl / Fiddler's Green / Gift Shop / Bobcaygeon / Nautical...
The Tragically Hip - (First Set),2009-09-26,https://www.youtube.com/watch?v=T_-5IKHiCNE,Ottawa,,New Orleans Is Sinking / The Depression Suite / Twist My Arm / Ahead By A Century / Puttin' Down
The Tragically Hip - (Second Set),2009-09-28,https://www.youtube.com/watch?v=D1tAqxjmMpk,,,Boots or Hearts (Acoustic) / Flamenco (Acoustic) / Scared (Acoustic) / Springtime in Vienna / Bobcaygeon...
The Tragically Hip - (First Set),2009-09-28,https://www.youtube.com/watch?v=leAM8l3wnJI,Ottawa,,The Depression Suite / New Orleans Is Sinking / Don't Wake Daddy / The Exact Feeling / Pigeon Camera...
The Tragically Hip - (Part 1),2009-09-30,https://www.youtube.com/watch?v=plzgKV05j7c,Hamilton,,New Orleans Is Sinking / The Depression Suite / Twist My Arm / Ahead by a Century / It Can't Be Nashville...
The Tragically Hip - (Part 2),2009-10-02,https://www.youtube.com/watch?v=vnK6GWRwySE,Hamilton,,The Last Recluse / Fiddler's Green / The Lonely End of the Rink / Ahead by a Century / Gift Shop / ...
The Tragically Hip - (Part 2),2009-10-03,https://www.youtube.com/watch?v=IIlSgzcsb_w,Hamilton,,"Scared / Grace, Too / Bobcaygeon / Daredevil  (w/ Hiccups instrumental intro) / Nautical Disaster"
The Tragically Hip,2009-10-25,https://www.youtube.com/watch?v=e9K03Ss5_Rc,"Austin, Texas",,The Depression Suite / New Orleans Is Sinking.............................................clic...
The Tragically Hip - (First Set),2009-11-07,https://www.youtube.com/watch?v=sHXAcOzF3wg,"Syracuse, New York",,Love Is a First / Courage.........................................click SHOW MORE to expand vvv / Yer...
The Tragically Hip - (Second Set),2009-11-07,https://www.youtube.com/watch?v=rZRZXzgYmqw,"Syracuse, New York",,Thompson Girl / Coffee Girl / Fiddler's Green / Gift Shop / The Last of the Unplucked...
The Tragically Hip - (Second Set),2009-12-02,https://www.youtube.com/watch?v=wXEVwJCV0D8,Manchester,,"Thompson Girl / The Last Recluse / Scared / Grace, Too / Bobcaygeon / Nautical Disaster..."
The Tragically Hip,2009-12-03,https://www.youtube.com/watch?v=kJ_pIvuRguk,"Glasgow, Scotland",,New Orleans Is Sinking / The Depression Suite / The Drop- Off / It's A Good Life If You Don't Weaken / Fireworks...
The Tragically Hip - (Part 2),2009-12-04,https://www.youtube.com/watch?v=zoiAdTWl0Iw,"Dublin, Ireland",,Coffee Girl / Fiddler's Green / Gift Shop / Ahead by a Century / In View / At the Hundredth Meridian...
The Tragically Hip - (Part 1),2009-12-04,https://www.youtube.com/watch?v=4yOtjy8wpN8,"Dublin, Ireland",,New Orleans Is Sinking / The Depression Suite / Poets Plus / It's a Good Life If You Don't Weaken / Fireworks...
The Tragically Hip - (Part 2),2011-07-07,https://www.youtube.com/watch?v=cvMc1fsEiFM,Winnipeg,,(Early) At Transformation  (w/ Happy Birthday Johnny Fay) / At the Hundredth Meridian  (w/ False Start) / Fiddler's...
The Tragically Hip - (Part 1),2011-07-07,https://www.youtube.com/watch?v=ABJ34-bQVH4,Winnipeg,,"The Lonely End of the Rink / Grace, Too  (w/ (Broken Social Scene) Lover's Spit tag) / Love Is a First / ..."
The Tragically Hip,2012-09-30,https://www.youtube.com/watch?v=c2w5C0ftJeA,"Kensington Market, Toronto",,"At Transformation / Grace, Too / Man Machine Poem / The Modern Spirit / The Lookahead"
The Tragically Hip,2012-11-02,https://www.youtube.com/watch?v=Nkg_-Bclbx4,"Cleveland, Ohio",,At Transformation / Grace Too.......................................click SHOW MORE to expand vvv / Escape Is...
The Tragically Hip - (Part 1),2012-11-28,https://www.youtube.com/watch?v=oZJqu4ddPms,Detroit,,"At Transformation / Grace, Too / Escape Is at Hand for the Travellin' Man / The Kids Don't Get It / Man..."
The Tragically Hip - (Part 2),2012-11-28,https://www.youtube.com/watch?v=i2WJvEW_KcU,Detroit,,The Lookahead / Thugs / Fully Completely / Fire in the Hole / Goodnight Attawapiskat
The Tragically Hip,2012-12-01,https://www.youtube.com/watch?v=OGmpMaflR3g,"Fargo, North Dakota",,At Transformation / New Orleans Is Sinking...................................click SHOW MORE to expand vvv
The Tragically Hip,2013-02-01,https://www.youtube.com/watch?v=exDW1P5kwb0,"Moncton, New Brunswick",,"At Transformation / Grace, Too / My Music at Work / It's A Good Life If You Don't Weaken / Man Machine..."
The Tragically Hip,2013-02-02,https://www.youtube.com/watch?v=MfVQgE9fDEs,"Halifax, Nova Scotia",,At Transformation / New Orleans Is Sinking / Escape Is at Hand for the Travellin' Man / Man Machine Poem  (w/...
The Tragically Hip,2013-02-02,https://www.youtube.com/watch?v=MfVQgE9fDEs,"Halifax, Nova Scotia",,At Transformation / New Orleans Is Sinking / Escape Is at Hand for the Travellin' Man / Man Machine Poem  (w/...
The Tragically Hip,2013-02-14,https://www.youtube.com/watch?v=Ftkxg39bpAI,"Toronto, Ontario",,"Stage Intro Theme/ At Transformation / Grace, Too  (w/ Microphone/ Microphone Stand tag) / New Orleans Is Sinking..."
The Tragically Hip,2013-06-29,https://www.youtube.com/watch?v=dFeCiLZH49g,"Amsterdam, Holland",,"At Transformation / Grace, Too  (w/ Microphone/Microphone Stand tag) / Escape Is At Hand For The Travellin' Man"
The Tragically Hip,2015-09-21,https://www.youtube.com/watch?v=kKwxtqwLWUA,"Minneapolis, Minnesota",,"Grace, Too / At Transformation / Ahead by a Century / New Orleans is Sinking  (w/ Laminar Flow tag)"
The Tragically Hip - Day For Night Demos,,https://www.youtube.com/watch?v=YThe9ruhCVM,,,"Dante / Blonde Solid / Radio Show / Grace, Too / Thugs / Scared / Titanic Terrarium / Nautical Disaster / Daredevil / Emergency"
The Tragically Hip - Soundboard Recordings,,https://www.youtube.com/playlist?list=PLBVEzdJ_KcF2Ve0fcbHQveaz8ZetHNzTZ,,SBD,
"The Tragically Hip - Demos, B-Sides & Other Hip Oddities",,https://www.youtube.com/playlist?list=PLBVEzdJ_KcF31zFBYpnHIvO97_PHEcT54,,,
The Tragically Hip & Sarah McLachlan - Emergency,,https://www.youtube.com/watch?v=oVZ0OquhvRg,,,
The Tragically Hip - Fully Completely Demos,,https://www.youtube.com/watch?v=HhIs5N1TbcI,,,You See Details / Blonde Solid / Radio Show..............................................click SHOW MORE to expand  vvv / Tremolo (Instrumental) / So Hard...
The Tragically Hip - The Wreck of the Edmund Fitzgerald,,https://www.youtube.com/watch?v=-iWc0iLMzh0,,,
The Tragically Hip - We Are The Same: Bonus Tracks,,https://www.youtube.com/watch?v=JUsFoKjxDpI,,,Skeleton Park / Hush
The Tragically Hip - Wait So Long,,https://www.youtube.com/watch?v=zCeZ_-NRWlY,,,
The Tragically Hip - Soundboard Compilation #1,,https://www.youtube.com/watch?v=OFSrZgp3G3o,,SBD,"Grace, Too / Fully Completely / Sharks / Locked in the Trunk of a Car / Chagrin Falls  (w/ Just Their Mortal Husks tag) / Highway Girl / So..."
The Tragically Hip - Dead Flowers,,https://www.youtube.com/watch?v=eZfCVSqfhL0,,,Davis Manning on saxophone
The Tragically Hip - The Right Whale (Full EP),,https://www.youtube.com/playlist?list=PLBVEzdJ_KcF0KNvfypUg256YS59KaTx2B,,,
The Tragically Hip - Cabaret Metro '91 (1st Gen/SBD),,https://www.youtube.com/watch?v=cVzRGjKkaNE,,SBD,Little Bones / She Didn't Know....................................click SHOW MORE to expand vvv / Highway...
The Tragically Hip - Up To Here Demos,,https://www.youtube.com/watch?v=go9WGHBzXJo,,,Another Midnight / Blow At High Dough / Boots Or Hearts / Everytime You Go / Get Back Again / She Didn't Know
The Tragically Hip - Up To Here Demos,,https://www.youtube.com/watch?v=go9WGHBzXJo,,,Another Midnight / Blow At High Dough / Boots Or Hearts / Everytime You Go / Get Back Again / She Didn't Know
The Tragically Hip - Night Is For Getting,,https://www.youtube.com/watch?v=O8qWFcHpuw8,,,IBE Bonus Track/ B-Side
The Tragically Hip - Bumblebee,,https://www.youtube.com/watch?v=wUJYnlTHxEc,,,
The Tragically Hip - Picture In A Face,,https://www.youtube.com/watch?v=sdU9FMTpBNM,,,
The Tragically Hip - It's The End Of The World As We Know It,,https://www.youtube.com/watch?v=bykChfAA5GQ,,,"REM cover, from Atlanta - March 13, 2007"
The Tragically Hip - Problem Bears,,https://www.youtube.com/watch?v=VKNNym3ipg4,,,And tonight I don't believe / Admitting it's half the defeat
The Tragically Hip - The Weight,,https://www.youtube.com/watch?v=SM0tJ4US9ls,,,
The Tragically Hip - (Slow Version),,https://www.youtube.com/watch?v=_ICjSV8FSF8,Daredevil,,
The Tragically Hip - Sudbury Saturday Night,,https://www.youtube.com/watch?v=kLkdlc9UE3k,,,
The Tragically Hip - At Transformation,,https://www.youtube.com/watch?v=Chh1Q38TFwQ,Hockey Night In Canada Debut,,
The Tragically Hip - Substitute,,https://www.youtube.com/watch?v=VVCC-dFXczU,,,
The Tragically Hip - (Isolated Vocals),,https://www.youtube.com/watch?v=QrV86dVFp2s,Ahead By A Century,,
The Tragically Hip - Cooking in Wartime,,https://www.youtube.com/watch?v=4clYlVQUBEk,,,
The Tragically Hip - Surrender,,https://www.youtube.com/watch?v=EGNmhnCOJN4,,,
The Tragically Hip - The Dire Wolf,,https://www.youtube.com/watch?v=1g5WjdzT_Mc,,,In that September off Isle Aux Morts / And made one think of tawny ports / And aspen...
The Tragically Hip - (Isolated Vocals),,https://www.youtube.com/watch?v=QrV86dVFp2s,Ahead By A Century,,
The Tragically Hip - Substitute,,https://www.youtube.com/watch?v=VVCC-dFXczU,,,
The Tragically Hip - In Violet Light: Bonus Tracks,,https://www.youtube.com/watch?v=HJauH9MTKMQ,,,Ultra Mundane / Forest Edge / Problem Bears
The Tragically Hip - Leave,,https://www.youtube.com/watch?v=6PKHRScDCs4,,,
The Tragically Hip - Random Soundboard Goodness,,https://www.youtube.com/watch?v=y9-EmMvGGdI,,SBD,So Hard Done By / Highway Girl / Locked In The Trunk Of A Car  (w/ No More Rubbernecking...
The Tragically Hip - Cooking in Wartime,,https://www.youtube.com/watch?v=4clYlVQUBEk,,,
The Tragically Hip - Black Day In July,,https://www.youtube.com/watch?v=5cPd_EE8AXY,,,
The Tragically Hip - (SBD),,https://www.youtube.com/watch?v=ZmsmciTRZFI,Like A Rolling Stone,SBD,
The Tragically Hip - (SBD),,https://www.youtube.com/watch?v=1VXzjkpvGCU,Suspicious Minds,SBD,
The Tragically Hip - (SBD),,https://www.youtube.com/watch?v=C7zqYwPCVAs,I Want You,SBD,
The Tragically Hip & Company - Cover Others,,https://www.youtube.com/playlist?list=PLBVEzdJ_KcF2HBJNMGFkv0fvcmkC-0538,,,
The Tragically Hip - What's Ummm Mean?,,https://www.youtube.com/watch?v=HOgePq3udIQ,,,
The Tragically Hip - The Shape I'm In,,https://www.youtube.com/watch?v=8bgi4JZKfaQ,,,
The Tragically Hip & Andrew Cash - (SBD),,https://www.youtube.com/watch?v=LQpQEyIIkp4,Hey Maria,SBD,Gordie singin' some Andrew Cash from 1993
The Tragically Hip & Andrew Cash - (SBD),,https://www.youtube.com/watch?v=LQpQEyIIkp4,Hey Maria,SBD,Gordie singin' some Andrew Cash from 1993
The Tragically Hip - The Bear,,https://www.youtube.com/watch?v=tgEZ8awN_pA,,,
The Tragically Hip - Edible Paper,,https://www.youtube.com/watch?v=13iWUzCFKrQ,,,
The Tragically Hip - (SBD),,https://www.youtube.com/watch?v=_p8XxxdtdK0,Big Yellow Taxi,SBD,
The Tragically Hip - World Container Demos,,https://www.youtube.com/watch?v=mSva5PBOzqQ,,,World Container / Pretend / In View
The Tragically Hip - (SBD),,https://www.youtube.com/watch?v=mk4DBx41HEU,Six Days On The Road,SBD,
The Tragically Hip - (SBD),,https://www.youtube.com/watch?v=7I-VRfixwn8,Hang On To Yourself,SBD,
The Tragically Hip - Air Plane,,https://www.youtube.com/watch?v=2qeZJEwSwPA,,,
The Tragically Hip - Jumpin' Jack Flash (SBD),,https://www.youtube.com/watch?v=Y-gCfrcfuWQ,,SBD,
The Tragically Hip - Mind Frame,,https://www.youtube.com/watch?v=NUPpukBcgfk,,,
The Tragically Hip - (SBD),,https://www.youtube.com/watch?v=13gw0qg041I,Black Day In July,SBD,
The Tragically Hip - Leaving The Island,,https://www.youtube.com/watch?v=Sfp-GrGvRjU,,,
The Tragically Hip - (SBD),,https://www.youtube.com/watch?v=0KiBmivWHQw,Cold Metal,SBD,
The Tragically Hip & Mae Moore - Bohemia,,https://www.youtube.com/watch?v=UREUAgG68TI,,,
The Tragically Hip - (Isolated Vocals),,https://www.youtube.com/watch?v=fPRkFYGZ3Uw,Flamenco,,
The Tragically Hip - Train In Vain,,https://www.youtube.com/watch?v=Lc1mq4qpbI4,,,
The Tragically Hip - Land Scape Clouds,,https://www.youtube.com/watch?v=q9pdRgpEwcY,,,
The Tragically Hip - (SBD),,https://www.youtube.com/watch?v=pIkC2ODa7-g,Diamond Dogs,SBD,
The Tragically Hip - No Threat (Isolated Vocals),,https://www.youtube.com/watch?v=zgC13fFEsN0,,,
The Tragically Hip - (SBD),,https://www.youtube.com/watch?v=ksLy6CC7Ip0,Summer Side Of Life,SBD,
The Tragically Hip - (SBD),,https://www.youtube.com/watch?v=ksLy6CC7Ip0,Summer Side Of Life,SBD,
The Tragically Hip - Burn On,,https://www.youtube.com/watch?v=JBW_D5i2kyw,,,
The Tragically Hip - (SBD),,https://www.youtube.com/watch?v=kyXbDotNbho,Going Going Gone,SBD,
The Tragically Hip - (Isolated Vocal),,https://www.youtube.com/watch?v=9i1jp-FX9ts,Machine,,
The Tragically Hip - Tush,,https://www.youtube.com/watch?v=U_i7qbd4s5g,,,
The Tragically Hip - (SBD),,https://www.youtube.com/watch?v=vZOWRXaUayU,Powderfinger,SBD,
The Tragically Hip & Friends - Assorted Video,,https://www.youtube.com/playlist?list=PLBVEzdJ_KcF1NHD2C994arowKFR7VK45E,,,
The Tragically Hip - Sub Way,,https://www.youtube.com/watch?v=hP_cDBEQWQQ,,,
The Tragically Hip - On The Verge (Isolated Vocal),,https://www.youtube.com/watch?v=LDBkaXM8QlQ,,,RIP Gord
The Tragically Hip - Sherpa (Isolated Vocal),,https://www.youtube.com/watch?v=52KlMkkUZZ0,,,
The Tragically Hip - It's A Good Life If You Don't Weaken (Isolated Vocals),,https://www.youtube.com/watch?v=cB_KlM0Ey2Q,,,
The Tragically Hip - Mr. Soul,,https://www.youtube.com/watch?v=HmMCOIEFD2E,,,
The Tragically Hip - It Makes No Difference,,https://www.youtube.com/watch?v=Z5kAU2UAW8Q,,,
The Tragically Hip - Papa's Got A Brand New Bag,,https://www.youtube.com/watch?v=p9qUkz0Yqb0,,,
The Tragically Hip - I'm A Werewolf Baby (Isolated Vocal),,https://www.youtube.com/watch?v=2PnjFYBAnD4,,,
The Tragically Hip - Leave SBD,,https://www.youtube.com/watch?v=dAnjA848rJU,,SBD,
The Tragically Hip - The Dire Wolf,,https://www.youtube.com/watch?v=1g5WjdzT_Mc,,,In that September off Isle Aux Morts / And made one think of tawny ports / And aspen...
The Tragically Hip - Interesting Mostly Studio Stuff,,https://www.youtube.com/watch?v=UdZzoBUydZY,,,Oh Honey / We Are The Next Us / Antares  (Cuts quickly) / Streets Where You Live / Take Me In Your Hands
The Tragically Hip - Child Of The Moon,,https://www.youtube.com/watch?v=qIJk5W6wY8w,,,
The Tragically Hip - (Isolated Vocals),,https://www.youtube.com/watch?v=aV32dLzdVmQ,World Container Demo,,
The Tragically Hip - (SBD),,https://www.youtube.com/watch?v=sfB6b3a_M-A,Taxman,SBD,
The Tragically Hip - The Vegas Strip,,https://www.youtube.com/watch?v=03ffrjoSbEc,,,Than Cleopatra's lips / Suckin' on a swizzle stick / Black gods building millions / Of clothing pavilions / On those pleasure trips / In the darkest...
The Tragically Hip - Highway Girl Demo,,https://www.youtube.com/watch?v=DUU4j2EX8SY,,,Includes an early/alternate verse
The Tragically Hip - Don't Worry Baby (SBD),,https://www.youtube.com/watch?v=rakG3EoNuvQ,,SBD,
The Tragically Hip - Lust For Life,,https://www.youtube.com/watch?v=91tDC8BR6YI,,,
The Tragically Hip - Bedrock Twitch Twitch,,https://www.youtube.com/watch?v=Pcnq_oKuHKk,,,
The Tragically Hip - (Isolated Vocals),,https://www.youtube.com/watch?v=OZELHNghd7E,"Grace, Too",,
"The Tragically Hip - Not Soundboard, But Still Very Listenable",,https://www.youtube.com/playlist?list=PLBVEzdJ_KcF1eUvUaxZ6IZjZQeRINJOuo,,SBD,
The Tragically Hip - Fully Completely (Isolated Vocal),,https://www.youtube.com/watch?v=B2ZeNKrS5jE,,,
The Tragically Hip - Fully Completely (Isolated Vocal),,https://www.youtube.com/watch?v=B2ZeNKrS5jE,,,
The Tragically Hip - (Isolated Vocals),,https://www.youtube.com/watch?v=vwfkUZVrrQE,Get Back Again,,
The Tragically Hip - Piano Spider,,https://www.youtube.com/watch?v=Wx3XU8hfarc,,,
Paul and Gord - The Lookahead,,https://www.youtube.com/watch?v=nlUmAgp-SOw,,,
The Tragically Hip - More Random Soundboardy Goodness,,https://www.youtube.com/watch?v=GAQYX9kQc6k,,SBD,"Grace, Too  (w/ Kate Fenner and Chris Brown) / Vaccination Scar......................................."
The Tragically Hip & Sarah Harmer - Silver Road,,https://www.youtube.com/watch?v=6aSfuJPtBzo,,,
Gord Downie - (SBD),,https://www.youtube.com/watch?v=XgMC6ES_WzI,Hallelujah,SBD,"Leonard Cohen cover, from the film St. Ralph"
Locked in the Trunk of a Car - Live Between Us Outtake,,https://www.youtube.com/watch?v=MZPjs4N6I7s,,,
The Tragically Hip - Road Apples Demos,,https://www.youtube.com/watch?v=4uTJ5H-6Cy0,,,Anchor On A Thread / If You Lived Here / Montreal / Not So Necessary / Scathed / Times Are Passing Us by / Work That Hard
Gord Downie - The Hideout,,https://www.youtube.com/watch?v=sGeVqJk7BvQ,,,
The Tragically Hip - Mainly Epic in Nature (Soundboard Compilation),,https://www.youtube.com/watch?v=_3WLTNLqPjs,,SBD,"The Depression Suite / Grace, Too / Sherpa / Titanic Terrarium / The Luxury / Lake Fever / Gift Shop / The Dark Canuck / At..."
The Tragically Hip - speakersong,,https://www.youtube.com/watch?v=v09xdnfDR5E,,,
Gord Downie - Figment,,https://www.youtube.com/watch?v=hDb8Z7TbALc,,,
Gord Downie - (SBD),,https://www.youtube.com/watch?v=t7S1UVzCvjU,How Do You Think It Feels,SBD,
Gord Downie & Julie Doiron - Too Much,,https://www.youtube.com/watch?v=Ta7GKKdDKxk,,,
Gord Downie & Julie Doiron - The Hideout,,https://www.youtube.com/watch?v=lhayBLhQ0yU,,,
Gord Downie & The Country of Miracles - (For The Road),,https://www.youtube.com/watch?v=aKaW3e8_B6A,Roll Another Number,,
Gord Downie & The Sadies - Figment,,https://www.youtube.com/watch?v=73weofJil2g,,,The Sadies playin' a Gord tune
The Tragically Hip - (Isolated Vocal),,https://www.youtube.com/watch?v=Z4JPrFvx68Y,Blow At High Dough,,
Gord Downie & The Country of Miracles - Going Going Gone,,https://www.youtube.com/watch?v=lWdi8tqVjXI,,,
Gord Downie & City and Colour - Sleeping Sickness,,https://www.youtube.com/watch?v=A838h1EEycA,,,
Gord Downie & The Sadies - Flash,,https://www.youtube.com/watch?v=sdvFTqjNsqE,,,
The Tragically Hip - The Meridian Is Sinking (Soundboard Compilation - Part 1),,https://www.youtube.com/watch?v=F0CVo8Zgu8M,,SBD,"New Orleans Is Sinking (Ken Greer Demo) / At The Hundredth Meridian (w/ (Cher) Gypsies, Tramps, and Thieves - (Early) Butts Wigglin tags) / New Orleans Is Sinking  (w/..."
Gord Downie & The Country of Miracles - (Version 2),,https://www.youtube.com/watch?v=RgI85NgRRiY,Going Going Gone,,
Gord Downie & The Rheostatics - To Cry About,,https://www.youtube.com/watch?v=bBBV_9zTC7c,,,Mary Margaret O'Hara cover
Gord Downie & Murray McLauchlan - Northern Wind,,https://www.youtube.com/watch?v=gXA3Inh3geo,,,
Gord Downie and the Country of Miracles - (Studio/SBD),,https://www.youtube.com/watch?v=5EKIeVonFM8,If I Had A Hammer,SBD,
Gord Downie & The Sadies - I Have Always Been Here Before,,https://www.youtube.com/watch?v=-a5HyJvDUGY,,,Roky Erickson cover
Gord Downie & The Country of Miracles - Ventilator Blues,,https://www.youtube.com/watch?v=2jL8TQi3bSM,,,
Very Short Gordie Compilation,,https://www.youtube.com/watch?v=hYGC9fts-DA,,,
Gord Downie & The Sadies - I Will Rock And Roll With You,,https://www.youtube.com/watch?v=N4K-50stXXk,,,Johnny Cash cover
Gord Downie & Buck 65 - Whispers of the Waves,,https://www.youtube.com/watch?v=9y0-nMByuZY,,,
Gord Downie & The Country of Miracles - (Version 2),,https://www.youtube.com/watch?v=nc5_B8MJsBY,Ventilator Blues,,
The Sadies & Gord Downie - (SBD),,https://www.youtube.com/watch?v=n6wrjpdFONU,Goodbye Johnny,SBD,"The Gun Club cover, live from Boston 2014"
The Tragically Hip - Soundboard Compilation #10,,https://www.youtube.com/watch?v=NqBlF57XAIQ,,SBD,"Grace, Too / Fully Completely / Vegas Strip / Tiger the Lion / Silver Jet / Wild Mountain Honey / Songwriters' Cabal / Locked in the..."
The Tragically Hip - Soundboard Compilation #6,,https://www.youtube.com/watch?v=977Q7_JYdBc,,SBD,"Grace, Too  (w/ Tiananmen Square tag) / Tiger the Lion  (w/ (Bruce Springsteen) Blinded by the Light tag) / So Hard Done By / Vapour Trails / Greasy..."
The Tragically Hip - Soundboard Compilation #7,,https://www.youtube.com/watch?v=2BYZ7hvWXQc,,SBD,"Grace, Too  (w/ Jim Bryson on Organ) / Fully Completely / The Last of the Unplucked Gems  (w/ Land tag) / Born In The Water (Alternate Take) / Flamenco..."
The Tragically Hip - Soundboard Compilation #4,,https://www.youtube.com/watch?v=DeCv1lQYbao,,SBD,"Grace, Too  (w/ Window Washer/ Working Man tag) / (Early) Escape is at Hand for the Travellin' Man (w/ Empty tag) / All Canadian Surf Club  (w/ (Early) At The Hundredth..."
The Tragically Hip - Soundboard Compilation #5,,https://www.youtube.com/watch?v=StGwnMXwTUA,,SBD,"Grace, Too  (w/ Soldier of Love - Peacekeeper tags) / Tiger the Lion / Fully Completely / Springtime in Vienna / My Music at Work (Acoustic)"
The Tragically Hip - Soundboard Compilation #9,,https://www.youtube.com/watch?v=HxvB-lNFmWA,,SBD,New Orleans Is Sinking  (w/ Westwind/ Cookie Factory - (Early) Ahead by a Century & Springtime in Vienna tags) / At The Hundredth Meridian  (w/ Purple Paint - (Early) Poets -...
The Tragically Hip - Soundboard Compilation #3,,https://www.youtube.com/watch?v=vmjdc6bXsmw,,SBD,"Grace, Too  (w/ (Early) Flamenco tag) / Train Overnight / Twist My Arm  (w/ San Francisco Song tag) / Something On  (w/ As I Wind Down The Pines tag) / ..."
The Tragically Hip - Greer Demo Complete,,https://www.youtube.com/watch?v=ILku9pIhhlg,,,She Didn't Know / When The Weight Comes Down / New Orleans Is Sinking / ...